date,slv_position,gld_position,slv_close,gld_close,mkt_val,cash,NAV
2025-06-02,0,0,31.59,311.67,0.0,1000000.0,1000000.0
2025-06-03,0,0,31.44,308.91,0.0,1000000.0,1000000.0
2025-06-04,0,0,31.34,310.9,0.0,1000000.0,1000000.0
2025-06-05,0,0,32.45,309.33,0.0,1000000.0,1000000.0
2025-06-06,-7103,214,32.69,305.18,-166888.55,1167685.5,1000796.95
2025-06-09,-7103,214,33.39,306.62,-171552.49,1167685.5,996133.01
2025-06-10,0,0,33.23,306.71,0.0,997060.77,997060.77
2025-06-11,-7090,213,32.95,308.37,-167932.69000000003,1164957.55,997024.86
2025-06-12,-7090,213,33.06,312.2,-167896.80000000005,1164957.55,997060.75
2025-06-13,-7090,213,32.97,316.29,-166387.52999999997,1164957.55,998570.02
2025-06-16,-7090,213,33.03,311.78,-167773.56,1164957.55,997183.99
2025-06-17,-7090,213,33.74,311.94,-172773.38,1164957.55,992184.17
2025-06-18,0,0,33.27,310.26,0.0,992457.42,992457.42
2025-06-20,-7072,213,32.72,310.13,-165338.15,1158390.29,993052.14
2025-06-23,-7072,213,32.96,311.08,-166833.08000000002,1158390.29,991557.21
2025-06-24,-7072,213,32.61,306.19,-165399.44999999998,1158390.29,992990.8400000001
2025-06-25,-7072,213,33.01,307.12,-168030.15999999997,1158390.29,990360.1300000001
2025-06-26,-7072,213,33.34,306.78,-170436.34000000003,1158390.29,987953.95
2025-06-27,0,0,32.62,301.22,0.0,992032.36,992032.36
2025-06-30,-7114,214,32.81,304.83,-168176.72000000003,1160095.26,991918.54
2025-07-01,-7114,214,32.73,307.55,-167025.51999999996,1160095.26,993069.74
2025-07-02,-7114,214,33.24,309.25,-170289.86000000002,1160095.26,989805.4
2025-07-03,0,0,33.51,307.14,0.0,988118.8,988118.8
2025-07-07,-7015,211,33.43,307.37,-169656.38,1155667.04,986010.66
2025-07-08,0,0,33.29,304.16,0.0,986486.3900000001,986486.3900000001
2025-07-09,-7006,211,33.0,305.52,-166733.28,1154259.5500000003,987526.2700000003
2025-07-10,-7006,211,33.75,306.2,-171844.3,1154259.5500000003,982415.2500000002
2025-07-11,0,0,35.03,309.14,0.0,979963.9300000003,979963.9300000003
2025-07-14,-6601,198,34.63,308.01,-167606.65000000002,1151255.2900000003,983648.6400000002
2025-07-15,0,0,34.26,306.73,0.0,983197.1400000004,983197.1400000004
2025-07-16,-6758,203,34.41,308.26,-169965.99999999997,1153259.4000000004,983293.4000000004
2025-07-17,0,0,34.65,307.59,0.0,983544.0800000003,983544.0800000003
2025-07-18,-6689,201,34.61,308.39,-169519.90000000002,1154091.1200000003,984571.2200000003
2025-07-21,0,0,35.35,313.13,0.0,981928.2100000003,981928.2100000003
2025-07-22,-6542,197,35.72,316.1,-171408.53999999998,1152529.9600000002,981121.4200000002
2025-07-23,0,0,35.69,312.18,0.0,980446.0400000003,980446.0400000003
2025-07-24,-6583,198,35.49,310.27,-172197.21000000002,1151981.5000000002,979784.2900000003
2025-07-25,0,0,34.66,307.4,0.0,980681.6200000002,980681.6200000002
2025-07-28,-6704,201,34.64,305.41,-170839.15,1151370.7300000002,980531.5800000002
2025-07-29,0,0,34.66,306.25,0.0,980613.9900000002,980613.9900000002
2025-07-30,-6795,204,33.51,300.96,-166304.61,1150357.7100000002,984053.1000000002
2025-07-31,0,0,33.32,302.96,0.0,986220.5700000002,986220.5700000002
2025-08-01,-6871,207,33.59,309.11,-166811.12,1154299.12,987488.0000000001
2025-08-04,0,0,33.98,310.91,0.0,985501.6900000002,985501.6900000002
2025-08-05,-6818,205,34.35,311.16,-170410.5,1153756.0200000003,983345.5200000003
2025-08-06,0,0,34.35,310.5,0.0,982890.3500000003,982890.3500000003
2025-08-07,-6664,200,34.76,313.12,-169016.63999999998,1152778.7500000005,983762.1100000005
2025-08-08,0,0,34.88,313.05,0.0,983474.8300000004,983474.8300000004
2025-08-11,-6760,203,34.18,308.55,-168421.15,1152963.3700000006,984542.2200000006
2025-08-12,0,0,34.41,308.27,0.0,984069.6300000006,984069.6300000006
2025-08-13,-6681,201,35.0,309.21,-171683.79,1154909.0100000005,983225.2200000004
2025-08-14,0,0,34.5,307.25,0.0,985306.2900000005,985306.2900000005
2025-08-15,-6779,204,34.5,307.43,-171159.78,1155399.7900000005,984240.0100000005
2025-08-18,0,0,34.55,306.95,0.0,983228.8100000005,983228.8100000005
2025-08-19,-6747,203,33.87,305.27,-166551.08,1153525.6200000006,986974.5400000006
2025-08-20,0,0,34.43,308.36,0.0,985141.3700000006,985141.3700000006
2025-08-21,-6754,203,34.61,307.29,-171376.07,1155523.7100000004,984147.6400000004
2025-08-22,0,0,35.34,310.58,0.0,984992.2500000005,984992.2500000005
2025-08-25,-6655,200,35.02,309.83,-171092.10000000003,1156449.1000000006,985357.0000000005
2025-08-26,0,0,35.02,312.08,0.0,986313.6000000006,986313.6000000006
2025-08-27,-6707,202,34.99,312.71,-171510.51,1156346.9300000006,984836.4200000006
2025-08-28,0,0,35.52,315.03,0.0,982142.7000000007,982142.7000000007
2025-08-29,-6572,198,36.19,318.07,-174862.82,1152148.3400000008,977285.5200000007
2025-09-02,0,0,37.15,325.59,0.0,974962.1000000008,974962.1000000008
2025-09-03,-6199,186,37.34,328.14,-170436.62000000002,1145221.4400000009,974784.8200000009
2025-09-04,0,0,36.93,326.69,0.0,975446.2200000009,975446.2200000009
2025-09-05,-6181,186,37.21,331.05,-168419.71000000002,1145386.710000001,976967.0000000009
2025-09-08,0,0,37.51,334.82,0.0,975229.1600000008,975229.1600000008
2025-09-09,-6148,185,37.18,334.06,-166781.53999999998,1143001.950000001,976220.4100000008
2025-09-10,0,0,37.41,335.26,0.0,975484.2000000009,975484.2000000009
2025-09-11,-6172,185,37.79,334.76,-171309.28,1144462.0900000008,973152.8100000008
2025-09-12,0,0,38.34,335.42,0.0,970573.3600000008,970573.3600000008
2025-09-15,-6011,181,38.76,338.91,-171643.64999999997,1139922.5500000007,968278.9000000008
2025-09-16,0,0,38.6,339.59,0.0,967049.8400000008,967049.8400000008
2025-09-17,-6013,181,37.79,336.97,-166239.69999999998,1134510.4300000009,968270.7300000009
2025-09-18,0,0,37.99,335.62,0.0,967714.0700000009,967714.0700000009
2025-09-19,-5998,180,39.04,339.18,-173109.52,1136625.750000001,963516.2300000009
2025-09-22,0,0,40.04,345.05,0.0,961399.7500000009,961399.7500000009
2025-09-23,-5677,171,39.96,346.46,-167608.26,1130692.290000001,963084.030000001
2025-09-24,0,0,39.82,343.32,0.0,962159.9800000009,962159.9800000009
2025-09-25,-5678,171,41.03,344.75,-174016.09,1133013.1400000008,958997.0500000009
2025-09-26,0,0,41.86,346.74,0.0,958044.4200000009,958044.4200000009
2025-09-29,-5416,163,42.5,352.46,-172729.02000000002,1130666.010000001,957936.9900000009
2025-09-30,0,0,42.37,355.47,0.0,961565.560000001,961565.560000001
2025-10-01,-5365,161,42.91,356.03,-172891.32,1135073.310000001,962181.9900000009
2025-10-02,0,0,42.53,354.79,0.0,959000.120000001,959000.120000001
2025-10-03,-5318,160,43.52,357.64,-174216.96000000002,1132289.860000001,958072.9000000011
2025-10-06,0,0,44.06,364.38,0.0,956190.2800000011,956190.2800000011
2025-10-07,-5214,157,43.39,366.26,-168732.63999999998,1127907.790000001,959175.150000001
2025-10-08,0,0,44.56,372.3,0.0,954606.670000001,954606.670000001
2025-10-09,-4979,150,44.71,365.43,-167796.59,1129015.500000001,961218.910000001
2025-10-10,0,0,45.43,369.12,0.0,957700.080000001,957700.080000001
2025-10-13,-4929,148,47.26,378.09,-176987.21999999997,1133345.340000001,956358.120000001
2025-10-14,0,0,46.8,380.79,0.0,962635.710000001,962635.710000001
2025-10-15,-4862,146,48.33,387.39,-178421.52,1138499.050000001,960077.530000001
2025-10-16,0,0,49.17,396.45,0.0,961744.7500000009,961744.7500000009
2025-10-17,-4774,143,46.99,388.99,-168704.69,1136301.770000001,967597.080000001
2025-10-20,0,0,47.72,403.15,0.0,965128.020000001,965128.020000001
2025-10-21,-5093,153,43.79,377.24,-165304.75,1136184.880000001,970880.130000001
2025-10-22,0,0,43.88,377.28,0.0,970447.810000001,970447.810000001
2025-10-23,-5179,156,44.18,378.79,-169716.97999999998,1142544.930000001,972827.9500000011
2025-10-24,0,0,43.99,377.52,0.0,973300.6100000012,973300.6100000012
2025-10-27,-5392,162,42.4,367.01,-169165.18,1144881.5100000012,975716.3300000012
2025-10-28,0,0,42.7,364.38,0.0,975197.4500000011,975197.4500000011
2025-10-29,-5321,160,43.23,363.0,-171946.83,1149326.0900000012,977379.2600000013
2025-10-30,0,0,44.34,370.13,0.0,975319.2100000012,975319.2100000012
2025-10-31,-5258,158,44.01,368.12,-173241.62,1150660.7900000012,977419.1700000012
2025-11-03,0,0,43.76,368.78,0.0,976282.0700000012,976282.0700000012
2025-11-04,-5424,163,42.74,362.32,-172763.6,1150477.2700000012,977713.6700000012
2025-11-05,0,0,43.65,366.51,0.0,974309.0800000012,974309.0800000012
2025-11-06,-5341,160,43.55,366.07,-174029.34999999998,1148751.5400000012,974722.1900000012
2025-11-07,0,0,43.92,368.31,0.0,972511.1200000012,972511.1200000012
2025-11-10,-5164,155,45.79,378.38,-177810.66,1147499.8500000013,969689.1900000012
2025-11-11,0,0,46.45,379.87,0.0,967406.8300000012,967406.8300000012
2025-11-12,-4956,149,48.32,385.99,-181961.41,1144193.5700000012,962232.1600000012
2025-11-13,0,0,47.42,382.87,0.0,962574.5400000012,962574.5400000012
2025-11-14,-5065,152,45.96,375.96,-175641.47999999998,1137714.2300000011,962072.7500000012
2025-11-17,0,0,45.47,371.65,0.0,962540.6600000011,962540.6600000011
2025-11-18,-5051,152,46.1,374.35,-175949.9,1137261.9500000011,961312.0500000011
2025-11-19,0,0,46.45,374.96,0.0,958297.7100000011,958297.7100000011
2025-11-20,-4993,150,45.78,374.85,-172352.04,1132980.390000001,960628.350000001
2025-11-21,0,0,45.3,374.27,0.0,964899.1900000011,964899.1900000011
2025-11-24,-5104,153,46.63,380.2,-179828.92,1139310.600000001,959481.680000001
2025-11-25,0,0,46.67,380.08,0.0,959906.830000001,959906.830000001
2025-11-26,-4898,147,48.4,383.12,-180744.56,1135615.390000001,954870.830000001
2025-11-28,0,0,51.21,387.88,0.0,949070.7900000011,949070.7900000011
2025-12-01,-4465,134,52.52,389.75,-182275.30000000002,1128867.080000001,946591.780000001
2025-12-02,0,0,53.13,387.24,0.0,945089.710000001,945089.710000001
2025-12-03,-4381,132,53.07,386.88,-181431.51,1126049.800000001,944618.290000001
2025-12-04,0,0,51.76,387.13,0.0,948084.560000001,948084.560000001
2025-12-05,-4414,132,52.95,386.44,-182711.22000000003,1129376.060000001,946664.840000001
2025-12-08,0,0,52.71,385.42,0.0,947006.2400000009,947006.2400000009
2025-12-09,-4370,131,55.17,387.4,-190343.5,1129804.320000001,939460.820000001
2025-12-10,0,0,56.07,389.05,0.0,939448.290000001,939448.290000001
2025-12-11,-4114,123,57.62,393.24,-188680.15999999997,1125154.300000001,936474.1400000011
2025-12-12,0,0,56.1,395.44,0.0,933458.560000001,933458.560000001
2025-12-15,-4009,120,58.11,395.8,-185466.99,1117643.210000001,932176.2200000009
2025-12-16,0,0,57.73,395.89,0.0,934418.3200000009,934418.3200000009
2025-12-17,-3934,118,60.26,399.29,-189946.62,1120573.720000001,930627.1000000009
2025-12-18,0,0,59.32,398.57,0.0,932244.780000001,932244.780000001
2025-12-19,-3896,117,60.93,399.02,-190697.94,1118629.980000001,927932.040000001
2025-12-22,0,0,62.47,408.23,0.0,922318.0800000009,922318.0800000009
2025-12-23,-3638,109,64.84,413.64,-190801.16,1109263.220000001,918462.0600000009
2025-12-24,0,0,65.22,411.93,0.0,917437.4300000009,917437.4300000009
2025-12-26,-3424,103,71.12,416.74,-200590.66,1106789.9100000008,906199.2500000008
2025-12-29,0,0,66.01,398.6,0.0,923549.1100000008,923549.1100000008
2025-12-30,-3409,102,68.98,398.89,-194466.04,1117977.9000000008,923511.8600000008
2025-12-31,0,0,64.42,396.31,0.0,935175.1500000008,935175.1500000008
2026-01-02,-3532,106,65.75,398.28,-190011.32,1130377.6700000009,940366.3500000008
2026-01-05,0,0,69.08,408.76,0.0,928122.2900000009,928122.2900000009
2026-01-06,-3322,100,73.71,413.18,-203546.61999999997,1124345.750000001,920799.1300000009
2026-01-07,0,0,70.96,409.23,0.0,933167.050000001,933167.050000001
2026-01-08,-3520,106,69.71,411.49,-201761.25999999998,1126783.430000001,925022.1700000011
2026-01-09,0,0,72.38,414.47,0.0,919571.4300000011,919571.4300000011
2026-01-12,-3106,93,77.23,422.23,-200608.99,1116750.9900000012,916142.0000000012
2026-01-13,0,0,78.6,421.63,0.0,907665.6100000012,907665.6100000012
2026-01-14,-2831,85,84.56,425.94,-203184.46000000002,1107388.6000000013,904204.1400000013
2026-01-15,0,0,83.32,423.33,0.0,914855.2900000012,914855.2900000012
2026-01-16,-2949,88,81.02,421.29,-201854.45999999996,1114453.5900000012,912599.1300000013
2026-01-20,0,0,85.39,437.23,0.0,898681.1500000013,898681.1500000013
2026-01-21,-2721,81,83.96,443.6,-192523.55999999997,1095429.4900000014,902905.9300000014
2026-01-22,0,0,87.13,451.79,0.0,900666.9400000013,900666.9400000013
2026-01-23,-2601,78,92.91,458.0,-205934.91,1099830.5500000012,893895.6400000012
2026-01-26,0,0,98.34,464.7,0.0,877783.4800000011,877783.4800000011
2026-01-27,-2350,70,101.59,476.1,-205409.5,1075528.5800000012,870119.0800000012
2026-01-28,0,0,105.6,494.56,0.0,867857.0800000012,867857.0800000012
2026-01-29,-2084,62,105.57,495.9,-189262.08,1064527.9800000011,875265.9000000012
2026-01-30,0,0,75.44,444.95,0.0,907271.7600000012,907271.7600000012
2026-02-02,-3132,94,72.44,427.13,-186731.86,1097615.4800000011,910883.6200000012
2026-02-03,0,0,76.96,454.29,0.0,892421.5000000012,892421.5000000012
2026-02-04,-2772,83,79.18,453.97,-181807.45,1083081.870000001,901274.4200000011
2026-02-05,0,0,66.69,441.88,0.0,930685.7800000011,930685.7800000011
2026-02-06,-3434,103,70.19,455.46,-194120.08,1116811.070000001,922690.990000001
2026-02-09,0,0,76.04,467.03,0.0,914064.320000001,914064.320000001
2026-02-10,-3089,93,73.41,462.4,-183760.28999999998,1101540.120000001,917779.830000001
2026-02-11,0,0,76.56,467.63,0.0,907272.240000001,907272.240000001
2026-02-12,-3051,91,67.73,451.39,-165567.74000000002,1094371.030000001,928803.290000001
2026-02-13,0,0,69.72,462.62,0.0,918944.7500000009,918944.7500000009
2026-02-17,-3410,102,66.37,448.2,-180605.30000000002,1102408.9300000009,921803.6300000008
2026-02-18,0,0,70.09,458.28,0.0,911360.9500000009,911360.9500000009
2026-02-19,-3237,97,71.01,459.56,-185282.05000000002,1095792.070000001,910510.020000001
2026-02-20,0,0,76.62,468.62,0.0,904078.9800000009,904078.9800000009
2026-02-23,-2927,88,80.57,481.28,-193475.75,1091610.960000001,898135.2100000009
2026-02-24,0,0,79.08,474.61,0.0,903970.4000000008,903970.4000000008
2026-02-25,-2819,84,80.04,473.42,-185865.48,1094771.5800000008,908906.1000000008
2026-02-26,0,0,80.45,477.48,0.0,912642.9400000008,912642.9400000008
2026-02-27,-2801,84,84.99,483.75,-197421.99,1105468.6800000009,908046.6900000009
2026-03-02,0,0,81.57,490.0,0.0,919139.8600000008,919139.8600000008
2026-03-03,-3114,93,74.68,468.14,-189016.50000000003,1106509.450000001,917492.9500000009
2026-03-04,0,0,75.34,471.8,0.0,913004.4400000009,913004.4400000009
2026-03-05,-3074,92,74.27,466.13,-185422.02,1099999.1400000008,914577.1200000008
2026-03-06,0,0,75.94,473.51,0.0,912323.2400000008,912323.2400000008
2026-03-09,-3023,91,78.26,472.53,-193579.75,1100775.8500000008,907196.1000000008
2026-03-10,0,0,80.09,477.86,0.0,899901.7200000008,899901.7200000008
2026-03-11,-2922,88,77.91,476.24,-185743.9,1086005.9400000009,900262.0400000009
2026-03-12,0,0,76.48,466.88,0.0,898343.0400000009,898343.0400000009
2026-03-13,-2987,90,72.69,460.84,-175649.43,1083326.230000001,907676.800000001
2026-03-16,0,0,73.22,460.43,0.0,906007.5100000009,906007.5100000009
2026-03-17,-3122,94,71.66,459.27,-180551.13999999998,1091132.6100000008,910581.4700000008
2026-03-18,0,0,68.7,444.74,0.0,916108.4300000007,916108.4300000007
2026-03-19,-3685,111,65.68,426.41,-194699.29,1097544.4200000009,902845.1300000008
2026-03-20,0,0,61.52,413.38,0.0,906499.9500000009,906499.9500000009
2026-03-23,-3700,111,62.47,404.04,-186290.56,1088320.1700000009,902029.6100000008
2026-03-24,0,0,62.95,404.13,0.0,904753.9200000009,904753.9200000009
2026-03-25,-3449,103,65.21,416.29,-182031.41999999998,1089290.6000000008,907259.1800000009
